username,repo_name,stars,repo_url
public-apis,public-apis,284000,https://github.com/public-apis/public-apis
neovim,neovim,74500,https://github.com/neovim/neovim
tiangolo,fastapi,68800,https://github.com/tiangolo/fastapi
hoppscotch,hoppscotch,59100,https://github.com/hoppscotch/hoppscotch
strapi,strapi,59100,https://github.com/strapi/strapi
ocornut,imgui,54400,https://github.com/ocornut/imgui
slatedocs,slate,35700,https://github.com/slatedocs/slate
Kong,insomnia,32600,https://github.com/Kong/insomnia
trpc,trpc,31900,https://github.com/trpc/trpc
httpie,cli,31300,https://github.com/httpie/cli
hasura,graphql-engine,30700,https://github.com/hasura/graphql-engine
ccxt,ccxt,30600,https://github.com/ccxt/ccxt
Binaryify,NeteaseCloudMusicApi,30300,https://github.com/Binaryify/NeteaseCloudMusicApi
QuivrHQ,quivr,28600,https://github.com/QuivrHQ/quivr
encode,django-rest-framework,27200,https://github.com/encode/django-rest-framework
YMFE,yapi,26900,https://github.com/YMFE/yapi
directus,directus,24900,https://github.com/directus/directus
littlecodersh,ItChat,24900,https://github.com/littlecodersh/ItChat
microsoft,api-guidelines,22300,https://github.com/microsoft/api-guidelines
PostgREST,postgrest,21900,https://github.com/PostgREST/postgrest
